"Launa Withers","Dr. Launa"
"Lakenya Edison","Dr. Lakenya"
"Dr. Brendan","Dr. Brendan"
"Dr. Bradford","Dr. Bradford"
"Rudolf Akiyama","Dr. Rudolf"
"Lara Constable","Dr. Lara"
"Dr. Madelaine","Dr. Madelaine"
"Dr. Salley","Dr. Salley"
"Dr. Micha","Dr. Micha"
"Teddy Bobo","Dr. Teddy"
"Coralee Scalia","Dr. Coralee"
"Dr. Jeff","Dr. Jeff"
"Dr. Vena","Dr. Vena"
"Dr. Karrie","Dr. Karrie"
"Tobias Dermody","Dr. Tobias"
"Celsa Hopkins","Dr. Celsa"
"Kimberley Halpern","Dr. Kimberley"
"Dr. Phillip","Dr. Phillip"
"Dr. Elias","Dr. Elias"
"Lashanda Cortes","Dr. Lashanda"
"Mackenzie Spell","Dr. Mackenzie"
"Dr. Kathlyn","Dr. Kathlyn"
"Dr. Georgina","Dr. Georgina"
"Beata Miah","Dr. Beata"
"Desiree Seamons","Dr. Desiree"
"Dr. Jeanice","Dr. Jeanice"
"Mariel Jurgens","Dr. Mariel"
"Alida Bogle","Dr. Alida"
"Dr. Jacqualine","Dr. Jacqualine"
"Joaquin Clasen","Dr. Joaquin"
"Dr. Samuel","Dr. Samuel"
"Malissa Marcus","Dr. Malissa"
"Dr. Alaina","Dr. Alaina"
"Trinidad Mulloy","Dr. Trinidad"
"Dr. Carlene","Dr. Carlene"
"Dr. Melodi","Dr. Melodi"
"Bess Chilcott","Dr. Bess"
"Chong Aylward","Dr. Chong"
"Dr. Jani","Dr. Jani"
"Dr. Jacquiline","Dr. Jacquiline"
"Hayley Marquess","Dr. Hayley"
"Dr. Andria","Dr. Andria"
"Irwin Covelli","Dr. Irwin"
"Dr. Gertude","Dr. Gertude"
"Stefany Reily","Dr. Stefany"
"Rae Mcgaughey","Dr. Rae"
"Cruz Latimore","Dr. Cruz"
"Dr. Maryann","Dr. Maryann"
"Annalisa Gregori","Dr. Annalisa"
"Jenee Pannell","Dr. Jenee"
