"Nancy","Nancy"
"Andrew Cencici","Andrew"
"Jan Kotas","Jan"
"Mariya Sergienko","Mariya"
"Launa","Launa"
"Lakenya","Lakenya"
"Brendan Hage","Brendan"
"Bradford Lango","Bradford"
"Rudolf","Rudolf"
"Lara Constable","Lara"
"Madelaine Ghoston","Madelaine"
"Salley","Salley"
"Micha Junkin","Micha"
"Teddy","Teddy"
"Coralee Scalia","Coralee"
"Jeff","Jeff"
"Vena","Vena"
"Karrie Lain","Karrie"
"Tobias Dermody","Tobias"
"Celsa Hopkins","Celsa"
"Kimberley Halpern","Kimberley"
"Phillip Rowden","Phillip"
"Elias","Elias"
"Lashanda Cortes","Lashanda"
"Mackenzie Spell","Mackenzie"
"Kathlyn","Kathlyn"
"Georgina","Georgina"
"Beata","Beata"
"Desiree Seamons","Desiree"
"Jeanice","Jeanice"
"Mariel","Mariel"
"Alida","Alida"
"Jacqualine","Jacqualine"
"Joaquin Clasen","Joaquin"
"Samuel Richert","Samuel"
"Malissa","Malissa"
"Alaina","Alaina"
"Trinidad","Trinidad"
"Carlene Garrard","Carlene"
"Melodi","Melodi"
"Bess","Bess"
"Chong Aylward","Chong"
"Jani Ramthun","Jani"
"Jacquiline Heintz","Jacquiline"
"Hayley Marquess","Hayley"
"Andria Spagnoli","Andria"
"Irwin","Irwin"
"Gertude Montiel","Gertude"
"Stefany Reily","Stefany"
"Rae Mcgaughey","Rae"
"Cruz","Cruz"
"Maryann Casler","Maryann"
"Annalisa","Annalisa"
"Jenee","Jenee"
