"N.F.","N.F."
"A.C.","A.C."
"J.K.","J.K."
"M.S.","M.S."
"Launa Withers","L.W."
"L.E.","L.E."
"Brendan Hage","B.H."
"B.L.","B.L."
"Rudolf Akiyama","R.A."
"L.C.","L.C."
"Madelaine Ghoston","M.G."
"Salley Hornak","S.H."
"Micha Junkin","M.J."
"Teddy Bobo","T.B."
"C.S.","C.S."
"Jeff Quashie","J.Q."
"V.B.","V.B."
"K.L.","K.L."
"T.D.","T.D."
"C.H.","C.H."
"K.H.","K.H."
"P.R.","P.R."
"E.N.","E.N."
"Lashanda Cortes","L.C."
"Mackenzie Spell","M.S."
"K.E.","K.E."
"G.B.","G.B."
"B.M.","B.M."
"Desiree Seamons","D.S."
"Jeanice Soderstrom","J.S."
"M.J.","M.J."
"Alida Bogle","A.B."
"Jacqualine Olague","J.O."
"J.C.","J.C."
"Samuel Richert","S.R."
"M.M.","M.M."
"Alaina Partida","A.P."
"T.M.","T.M."
"Carlene Garrard","C.G."
"Melodi Chism","M.C."
"Bess Chilcott","B.C."
"Chong Aylward","C.A."
"J.R.","J.R."
"J.H.","J.H."
"H.M.","H.M."
"Andria Spagnoli","A.S."
"Irwin Covelli","I.C."
"G.M.","G.M."
"S.R.","S.R."
"Rae Mcgaughey","R.M."
"Cruz Latimore","C.L."
"Maryann Casler","M.C."
"A.G.","A.G."
"J.P.","J.P."
