"FreeHafer","FreeHafer"
"Cencici","Cencici"
"Jan Kotas","Kotas"
"Sergienko","Sergienko"
"Withers","Withers"
"Edison","Edison"
"Hage","Hage"
"Lango","Lango"
"Rudolf Akiyama","Akiyama"
"Constable","Constable"
"Madelaine Ghoston","Ghoston"
"Salley Hornak","Hornak"
"Micha Junkin","Junkin"
"Teddy Bobo","Bobo"
"Coralee Scalia","Scalia"
"Quashie","Quashie"
"Babiarz","Babiarz"
"Karrie Lain","Lain"
"Tobias Dermody","Dermody"
"Celsa Hopkins","Hopkins"
"Halpern","Halpern"
"Rowden","Rowden"
"Elias Neil","Neil"
"Lashanda Cortes","Cortes"
"Spell","Spell"
"Kathlyn Eccleston","Eccleston"
"Brescia","Brescia"
"Beata Miah","Miah"
"Desiree Seamons","Seamons"
"Jeanice Soderstrom","Soderstrom"
"Mariel Jurgens","Jurgens"
"Bogle","Bogle"
"Jacqualine Olague","Olague"
"Clasen","Clasen"
"Samuel Richert","Richert"
"Marcus","Marcus"
"Partida","Partida"
"Mulloy","Mulloy"
"Garrard","Garrard"
"Chism","Chism"
"Bess Chilcott","Chilcott"
"Aylward","Aylward"
"Ramthun","Ramthun"
"Heintz","Heintz"
"Marquess","Marquess"
"Spagnoli","Spagnoli"
"Irwin Covelli","Covelli"
"Montiel","Montiel"
"Reily","Reily"
"Mcgaughey","Mcgaughey"
"Latimore","Latimore"
"Casler","Casler"
"Annalisa Gregori","Gregori"
"Jenee Pannell","Pannell"
